--
-- PostgreSQL database dump
--

-- Dumped from database version 15.0 (Debian 15.0-1.pgdg110+1)
-- Dumped by pg_dump version 15.4

SET statement_timeout = 0;
SET lock_timeout = 0;
SET idle_in_transaction_session_timeout = 0;
SET client_encoding = 'UTF8';
SET standard_conforming_strings = on;
SELECT pg_catalog.set_config('search_path', '', false);
SET check_function_bodies = false;
SET xmloption = content;
SET client_min_messages = warning;
SET row_security = off;

SET default_tablespace = '';

SET default_table_access_method = heap;

--
-- Name: AspNetRoleClaims; Type: TABLE; Schema: public; Owner: pv179
--

CREATE TABLE public."AspNetRoleClaims" (
    "Id" integer NOT NULL,
    "RoleId" integer NOT NULL,
    "ClaimType" text,
    "ClaimValue" text
);


ALTER TABLE public."AspNetRoleClaims" OWNER TO pv179;

--
-- Name: AspNetRoleClaims_Id_seq; Type: SEQUENCE; Schema: public; Owner: pv179
--

ALTER TABLE public."AspNetRoleClaims" ALTER COLUMN "Id" ADD GENERATED BY DEFAULT AS IDENTITY (
    SEQUENCE NAME public."AspNetRoleClaims_Id_seq"
    START WITH 1
    INCREMENT BY 1
    NO MINVALUE
    NO MAXVALUE
    CACHE 1
);


--
-- Name: AspNetRoles; Type: TABLE; Schema: public; Owner: pv179
--

CREATE TABLE public."AspNetRoles" (
    "Id" integer NOT NULL,
    "Name" character varying(256),
    "NormalizedName" character varying(256),
    "ConcurrencyStamp" text
);


ALTER TABLE public."AspNetRoles" OWNER TO pv179;

--
-- Name: AspNetRoles_Id_seq; Type: SEQUENCE; Schema: public; Owner: pv179
--

ALTER TABLE public."AspNetRoles" ALTER COLUMN "Id" ADD GENERATED BY DEFAULT AS IDENTITY (
    SEQUENCE NAME public."AspNetRoles_Id_seq"
    START WITH 1
    INCREMENT BY 1
    NO MINVALUE
    NO MAXVALUE
    CACHE 1
);


--
-- Name: AspNetUserClaims; Type: TABLE; Schema: public; Owner: pv179
--

CREATE TABLE public."AspNetUserClaims" (
    "Id" integer NOT NULL,
    "UserId" integer NOT NULL,
    "ClaimType" text,
    "ClaimValue" text
);


ALTER TABLE public."AspNetUserClaims" OWNER TO pv179;

--
-- Name: AspNetUserClaims_Id_seq; Type: SEQUENCE; Schema: public; Owner: pv179
--

ALTER TABLE public."AspNetUserClaims" ALTER COLUMN "Id" ADD GENERATED BY DEFAULT AS IDENTITY (
    SEQUENCE NAME public."AspNetUserClaims_Id_seq"
    START WITH 1
    INCREMENT BY 1
    NO MINVALUE
    NO MAXVALUE
    CACHE 1
);


--
-- Name: AspNetUserLogins; Type: TABLE; Schema: public; Owner: pv179
--

CREATE TABLE public."AspNetUserLogins" (
    "LoginProvider" text NOT NULL,
    "ProviderKey" text NOT NULL,
    "ProviderDisplayName" text,
    "UserId" integer NOT NULL
);


ALTER TABLE public."AspNetUserLogins" OWNER TO pv179;

--
-- Name: AspNetUserRoles; Type: TABLE; Schema: public; Owner: pv179
--

CREATE TABLE public."AspNetUserRoles" (
    "UserId" integer NOT NULL,
    "RoleId" integer NOT NULL
);


ALTER TABLE public."AspNetUserRoles" OWNER TO pv179;

--
-- Name: AspNetUserTokens; Type: TABLE; Schema: public; Owner: pv179
--

CREATE TABLE public."AspNetUserTokens" (
    "UserId" integer NOT NULL,
    "LoginProvider" text NOT NULL,
    "Name" text NOT NULL,
    "Value" text
);


ALTER TABLE public."AspNetUserTokens" OWNER TO pv179;

--
-- Name: AspNetUsers; Type: TABLE; Schema: public; Owner: pv179
--

CREATE TABLE public."AspNetUsers" (
    "Id" integer NOT NULL,
    "Name" text NOT NULL,
    "UserName" character varying(256),
    "NormalizedUserName" character varying(256),
    "Email" character varying(256),
    "NormalizedEmail" character varying(256),
    "EmailConfirmed" boolean NOT NULL,
    "PasswordHash" text,
    "SecurityStamp" text,
    "ConcurrencyStamp" text,
    "PhoneNumber" text,
    "PhoneNumberConfirmed" boolean NOT NULL,
    "TwoFactorEnabled" boolean NOT NULL,
    "LockoutEnd" timestamp with time zone,
    "LockoutEnabled" boolean NOT NULL,
    "AccessFailedCount" integer NOT NULL
);


ALTER TABLE public."AspNetUsers" OWNER TO pv179;

--
-- Name: AspNetUsers_Id_seq; Type: SEQUENCE; Schema: public; Owner: pv179
--

ALTER TABLE public."AspNetUsers" ALTER COLUMN "Id" ADD GENERATED BY DEFAULT AS IDENTITY (
    SEQUENCE NAME public."AspNetUsers_Id_seq"
    START WITH 1
    INCREMENT BY 1
    NO MINVALUE
    NO MAXVALUE
    CACHE 1
);


--
-- Name: AuthorBook; Type: TABLE; Schema: public; Owner: pv179
--

CREATE TABLE public."AuthorBook" (
    "AuthorsId" integer NOT NULL,
    "BooksId" integer NOT NULL
);


ALTER TABLE public."AuthorBook" OWNER TO pv179;

--
-- Name: Authors; Type: TABLE; Schema: public; Owner: pv179
--

CREATE TABLE public."Authors" (
    "Id" integer NOT NULL,
    "Name" text NOT NULL
);


ALTER TABLE public."Authors" OWNER TO pv179;

--
-- Name: Authors_Id_seq; Type: SEQUENCE; Schema: public; Owner: pv179
--

ALTER TABLE public."Authors" ALTER COLUMN "Id" ADD GENERATED BY DEFAULT AS IDENTITY (
    SEQUENCE NAME public."Authors_Id_seq"
    START WITH 1
    INCREMENT BY 1
    NO MINVALUE
    NO MAXVALUE
    CACHE 1
);


--
-- Name: BookGenre; Type: TABLE; Schema: public; Owner: pv179
--

CREATE TABLE public."BookGenre" (
    "BooksId" integer NOT NULL,
    "GenresId" integer NOT NULL
);


ALTER TABLE public."BookGenre" OWNER TO pv179;

--
-- Name: BookOrders; Type: TABLE; Schema: public; Owner: pv179
--

CREATE TABLE public."BookOrders" (
    "OrderId" integer NOT NULL,
    "BookId" integer NOT NULL,
    "Count" integer NOT NULL,
    "BuyUnitPrice" numeric DEFAULT 0 NOT NULL
);


ALTER TABLE public."BookOrders" OWNER TO pv179;

--
-- Name: BookUser; Type: TABLE; Schema: public; Owner: pv179
--

CREATE TABLE public."BookUser" (
    "BooksId" integer NOT NULL,
    "UsersId" integer NOT NULL
);


ALTER TABLE public."BookUser" OWNER TO pv179;

--
-- Name: Books; Type: TABLE; Schema: public; Owner: pv179
--

CREATE TABLE public."Books" (
    "Id" integer NOT NULL,
    "Name" text NOT NULL,
    "PublisherId" integer NOT NULL,
    "PrimaryGenreId" integer NOT NULL,
    "StockInStorage" integer NOT NULL,
    "Price" numeric NOT NULL,
    "OverallRating" integer NOT NULL
);


ALTER TABLE public."Books" OWNER TO pv179;

--
-- Name: Books_Id_seq; Type: SEQUENCE; Schema: public; Owner: pv179
--

ALTER TABLE public."Books" ALTER COLUMN "Id" ADD GENERATED BY DEFAULT AS IDENTITY (
    SEQUENCE NAME public."Books_Id_seq"
    START WITH 1
    INCREMENT BY 1
    NO MINVALUE
    NO MAXVALUE
    CACHE 1
);


--
-- Name: Genres; Type: TABLE; Schema: public; Owner: pv179
--

CREATE TABLE public."Genres" (
    "Id" integer NOT NULL,
    "Name" text NOT NULL
);


ALTER TABLE public."Genres" OWNER TO pv179;

--
-- Name: Genres_Id_seq; Type: SEQUENCE; Schema: public; Owner: pv179
--

ALTER TABLE public."Genres" ALTER COLUMN "Id" ADD GENERATED BY DEFAULT AS IDENTITY (
    SEQUENCE NAME public."Genres_Id_seq"
    START WITH 1
    INCREMENT BY 1
    NO MINVALUE
    NO MAXVALUE
    CACHE 1
);


--
-- Name: Orders; Type: TABLE; Schema: public; Owner: pv179
--

CREATE TABLE public."Orders" (
    "Id" integer NOT NULL,
    "UserId" integer NOT NULL,
    "TotalPrice" numeric NOT NULL,
    "Date" timestamp without time zone NOT NULL,
    "OrderStatus" integer DEFAULT 0 NOT NULL
);


ALTER TABLE public."Orders" OWNER TO pv179;

--
-- Name: Orders_Id_seq; Type: SEQUENCE; Schema: public; Owner: pv179
--

ALTER TABLE public."Orders" ALTER COLUMN "Id" ADD GENERATED BY DEFAULT AS IDENTITY (
    SEQUENCE NAME public."Orders_Id_seq"
    START WITH 1
    INCREMENT BY 1
    NO MINVALUE
    NO MAXVALUE
    CACHE 1
);


--
-- Name: Publishers; Type: TABLE; Schema: public; Owner: pv179
--

CREATE TABLE public."Publishers" (
    "Id" integer NOT NULL,
    "Name" text NOT NULL
);


ALTER TABLE public."Publishers" OWNER TO pv179;

--
-- Name: Publishers_Id_seq; Type: SEQUENCE; Schema: public; Owner: pv179
--

ALTER TABLE public."Publishers" ALTER COLUMN "Id" ADD GENERATED BY DEFAULT AS IDENTITY (
    SEQUENCE NAME public."Publishers_Id_seq"
    START WITH 1
    INCREMENT BY 1
    NO MINVALUE
    NO MAXVALUE
    CACHE 1
);


--
-- Name: Ratings; Type: TABLE; Schema: public; Owner: pv179
--

CREATE TABLE public."Ratings" (
    "Id" integer NOT NULL,
    "UserId" integer NOT NULL,
    "BookId" integer NOT NULL,
    "Value" integer NOT NULL,
    "Comment" text
);


ALTER TABLE public."Ratings" OWNER TO pv179;

--
-- Name: Ratings_Id_seq; Type: SEQUENCE; Schema: public; Owner: pv179
--

ALTER TABLE public."Ratings" ALTER COLUMN "Id" ADD GENERATED BY DEFAULT AS IDENTITY (
    SEQUENCE NAME public."Ratings_Id_seq"
    START WITH 1
    INCREMENT BY 1
    NO MINVALUE
    NO MAXVALUE
    CACHE 1
);


--
-- Name: __EFMigrationsHistory; Type: TABLE; Schema: public; Owner: pv179
--

CREATE TABLE public."__EFMigrationsHistory" (
    "MigrationId" character varying(150) NOT NULL,
    "ProductVersion" character varying(32) NOT NULL
);


ALTER TABLE public."__EFMigrationsHistory" OWNER TO pv179;

--
-- Data for Name: AspNetRoleClaims; Type: TABLE DATA; Schema: public; Owner: pv179
--

COPY public."AspNetRoleClaims" ("Id", "RoleId", "ClaimType", "ClaimValue") FROM stdin;
\.


--
-- Data for Name: AspNetRoles; Type: TABLE DATA; Schema: public; Owner: pv179
--

COPY public."AspNetRoles" ("Id", "Name", "NormalizedName", "ConcurrencyStamp") FROM stdin;
1	Admin	ADMIN	\N
2	User	USER	\N
\.


--
-- Data for Name: AspNetUserClaims; Type: TABLE DATA; Schema: public; Owner: pv179
--

COPY public."AspNetUserClaims" ("Id", "UserId", "ClaimType", "ClaimValue") FROM stdin;
\.


--
-- Data for Name: AspNetUserLogins; Type: TABLE DATA; Schema: public; Owner: pv179
--

COPY public."AspNetUserLogins" ("LoginProvider", "ProviderKey", "ProviderDisplayName", "UserId") FROM stdin;
\.


--
-- Data for Name: AspNetUserRoles; Type: TABLE DATA; Schema: public; Owner: pv179
--

COPY public."AspNetUserRoles" ("UserId", "RoleId") FROM stdin;
1	1
2	1
3	1
4	2
5	2
6	2
7	2
8	2
9	2
10	2
11	2
12	2
13	2
14	2
15	2
16	2
17	2
18	2
\.


--
-- Data for Name: AspNetUserTokens; Type: TABLE DATA; Schema: public; Owner: pv179
--

COPY public."AspNetUserTokens" ("UserId", "LoginProvider", "Name", "Value") FROM stdin;
17	[AspNetUserStore]	AuthenticatorKey	XG6TZ356FKCJDRMH42RK7JFOUHRHACEV
18	[AspNetUserStore]	AuthenticatorKey	GQOSYQURDZPL76KFGACO46AHRIZS6B5D
\.


--
-- Data for Name: AspNetUsers; Type: TABLE DATA; Schema: public; Owner: pv179
--

COPY public."AspNetUsers" ("Id", "Name", "UserName", "NormalizedUserName", "Email", "NormalizedEmail", "EmailConfirmed", "PasswordHash", "SecurityStamp", "ConcurrencyStamp", "PhoneNumber", "PhoneNumberConfirmed", "TwoFactorEnabled", "LockoutEnd", "LockoutEnabled", "AccessFailedCount") FROM stdin;
1	Roman Mario	roman	ROMAN	roman@gmail.com	ROMAN@GMAIL.COM	t	AQAAAAIAAYagAAAAEPaXndLcJ9O+Jv8LdOin8tGvgEd1rnFU8iyhIyhvd9DEkl5rGJ6qoASWKJSmbxDlyQ==	3be31ba8-fcea-448a-a499-a57a616cc2b0	ac19d3ce-c42b-4958-b8c8-7b50c34f544f	\N	f	f	\N	f	0
2	Beth Story	beth	BETH	beth@gmail.com	BETH@GMAIL.COM	t	AQAAAAIAAYagAAAAEG9NBEq84Y3UKsI/h74xfZqHD+5GgA1tbl+ULoqx15RO5SKUWwLDHzNHWvNZT85t0A==	23338dd3-db73-4887-bfed-cf72dc5b995f	f0598dba-9b33-4744-9ab7-f0fdb71e99ed	\N	f	f	\N	f	0
3	Monika Reha	monika	MONIKA	monika@gmail.com	MONIKA@GMAIL.COM	t	AQAAAAIAAYagAAAAEOTBwRaK461W4XlmPjZMmX8FDyPeb/WsEe+Tgyhy9/ikvEpjG0Bt5lipOKmu4oclwg==	f01a08e1-bb38-4264-9f65-34f618a60922	43a76491-ef35-44d1-88d9-582dc0576a86	\N	f	f	\N	f	0
4	John Smith	john	JOHN	john@gmail.com	JOHN@GMAIL.COM	t	AQAAAAIAAYagAAAAEF+eWNlsToqnCLZxzOuwvQPP2CqjwZMHBeyUGts/Q+WnB13SXkEzjDrPMLxBmEI2Zw==	6a7ef666-bf0f-45f8-bd9d-e882cd243f00	49226f9f-a410-4d6e-b94e-a792e2e66ef9	\N	f	f	\N	f	0
5	James Bond	james	JAMES	james@gmail.com	JAMES@GMAIL.COM	t	AQAAAAIAAYagAAAAEJbC2y9RUZ/uY0XnAOaLfYQmDDeGBZdRUPtklewz7FJKDs+MU1tHkUZ3p9b/RONA7Q==	2b2310d0-3ab9-4024-b307-6b5ced9cbfcb	d86afc99-391a-4ff2-a991-7e02785ab2cf	\N	f	f	\N	f	0
6	Filip Strong	filip	FILIP	filip@gmail.com	FILIP@GMAIL.COM	t	AQAAAAIAAYagAAAAEJMM/QXGX0jWHYQ+kxH7A6GbwHtiNbQzNUVsF1oMI9qIVDyG2U7abuxCI+PYAPYryQ==	399dda64-109b-414e-ba38-6dc0d62543d0	bb65f674-d7de-4597-9e76-16d4e0769e0f	\N	f	f	\N	f	0
7	Random Guy	random	RANDOM	random@gmail.com	RANDOM@GMAIL.COM	t	AQAAAAIAAYagAAAAEC+3GxGouB+ffoy0UHhbjkq+AJngskZ7F7YxDYHE1pSNniilwnIdOfE7HYepLWH5Kw==	fa29767e-9bdf-4f4b-ac6f-49ed76543524	e8fdd61a-9959-41b3-b27b-be318bc74f3c	\N	f	f	\N	f	0
8	Jack Black	jack	JACK	jack@gmail.com	JACK@GMAIL.COM	t	AQAAAAIAAYagAAAAEB/ASmEorw6T3UOnTdzbKmVgYsRVHw1JL2VMN1hWpTw/oh/iwSzTDHjRRWygIA1W4w==	cc76a897-409f-47e6-ae17-8040c91fd3f7	ee36f10e-f71c-4c6d-9c19-d085064e2ee6	\N	f	f	\N	f	0
9	Tom Smart	tom	TOM	tom@gmail.com	TOM@GMAIL.COM	t	AQAAAAIAAYagAAAAEBJpM6KJEGR11d7BXLZO8+3WYQ7vT+FTR5nzz0LCI1/8yCQI7tR7M5V13XwOapjG7g==	09e532f0-f67c-42f4-9482-ee932b0ca510	9deda5d1-4927-4aaf-bb7b-cfe3eae2ca1a	\N	f	f	\N	f	0
10	Ali Willy	ali	ALI	ali@gmail.com	ALI@GMAIL.COM	t	AQAAAAIAAYagAAAAEIRmhlEHHs7ylh30qTCJ+3idhSFX7dCJADNa1zADHCoWU6oYYRQXFrdUmf/FgoiQug==	1476a619-a956-4ca4-8dd9-cbd8d3a0f049	65172120-6d7f-4386-9908-d70926b18093	\N	f	f	\N	f	0
11	Rubber Duck	rubber	RUBBER	rubber@gmail.com	RUBBER@GMAIL.COM	t	AQAAAAIAAYagAAAAEFU7FEtVEp9QG2+fdIZvckfn1LT31sREzWMTfGFoSBBvW4oWsnwmG7TlIs8rNycYZg==	b9eb83c7-dac8-4c7f-9118-07b4477d24ff	2feea523-abef-4d96-83e8-3eb8b1da23b2	\N	f	f	\N	f	0
12	Olaf Snow	olaf	OLAF	olaf@gmail.com	OLAF@GMAIL.COM	t	AQAAAAIAAYagAAAAEEOK3Cxd0d6+8lAgh8KS1Ft8P+84ACk9f1HxxHr4ONyd1AN+s4ga144AEAIkXQNExw==	2699ffc1-c712-4614-946e-d86cd7eea452	87ea2c57-7521-4bcd-bcfb-c3bf0abf38b7	\N	f	f	\N	f	0
13	Good Programmer	good	GOOD	good@gmail.com	GOOD@GMAIL.COM	t	AQAAAAIAAYagAAAAEGOCr+QUJUj7c+skw38qJElDmOrGpFLW4eLv719FoDXTexDDk7jgeyEaOi8um8d9XA==	922f8473-3e65-4922-97d3-e920bc8c8e83	4fd6ae0e-e848-4643-9715-d8160e8d5967	\N	f	f	\N	f	0
14	Tim King	tim	TIM	tim@gmail.com	TIM@GMAIL.COM	t	AQAAAAIAAYagAAAAENRZJy2wi+yY3XRVm1c/qGJITEPP+YEokSl5zvkGO4YQiBYLt6tVBN5x7M6WJ6qi9Q==	b56eb4fd-be40-4234-a361-81cb8669c181	3a09fbbf-b563-411e-960a-abb571928fa1	\N	f	f	\N	f	0
15	Adam Queen	adam	ADAM	adam@gmail.com	ADAM@GMAIL.COM	t	AQAAAAIAAYagAAAAEDOyDhVMCbKOpAPUXUSHVv5MWI6tZXvGQ/GSzhO2v7wgpUYgwXlldYGurEO8wBW4ug==	e1f09825-895b-44b2-aadc-8633c78d8063	e72ebf18-e496-4488-89df-ae2cb26b24d1	\N	f	f	\N	f	0
16	Test	Test	TEST	bokida2515@talmetry.com	BOKIDA2515@TALMETRY.COM	t	AQAAAAIAAYagAAAAEHZsNs99LZ5SkTVeNy0oVnLeN67p5iAmt3W4eeAJ6Ayd1rjk8F4HmhOhJVTo0MMdlA==	FB6DW3AD62JMDMQIBYLKPFWCWZDEARZG	f0e2bf46-7318-467e-9d8d-08100758a7d8	\N	f	f	\N	t	0
17	test user	testuser123	TESTUSER123	testuser123@example.com	TESTUSER123@EXAMPLE.COM	t	AQAAAAIAAYagAAAAEBmQ20ho6ZNO5zrT3xLjEBVovUp2x5zL5vubJh3w4Qr7tTK4DGAdpaoeJkEB791Gnw==	XLL7DFX2DK7DORBJCKPUXFL5MVP25ST5	d3f8f0cc-7dd7-4a88-9714-9909e27138ba	\N	f	f	\N	t	0
18	test1234	test1234	TEST1234	test1234@test.test	TEST1234@TEST.TEST	t	AQAAAAIAAYagAAAAEBhhJxTAUB9llzLRO9M4iYVVXHmGyB6QJ9g9ASt9IaxFMmCBEAMzsE/LWxNRbnfZnA==	CSNXKTUS33TGNYOGHRUL5TL7CYYXK2BH	57bd3bfc-862c-4c25-b615-b6b6849af893	\N	f	f	\N	t	0
\.


--
-- Data for Name: AuthorBook; Type: TABLE DATA; Schema: public; Owner: pv179
--

COPY public."AuthorBook" ("AuthorsId", "BooksId") FROM stdin;
1	1
1	2
2	3
2	4
2	5
3	5
3	7
4	8
4	9
5	11
5	12
5	13
6	14
6	15
6	16
7	18
7	19
7	20
7	21
8	22
8	23
8	24
9	25
9	26
9	27
10	28
11	29
12	30
13	11
13	12
13	31
14	32
14	33
15	1
15	34
15	35
\.


--
-- Data for Name: Authors; Type: TABLE DATA; Schema: public; Owner: pv179
--

COPY public."Authors" ("Id", "Name") FROM stdin;
2	George R. R. Martin
3	Stephen King
4	Agatha Christie
5	J.R.R. Tolkien
6	Jane Austen
7	Mark Twain
8	Charles Dickens
9	Harper Lee
10	Leo Tolstoy
11	Agnes Christie
12	Ernest Hemingway
13	Virginia Woolf
14	Arthur Conan Doyle
15	Antoine de Saint-Exupéry
1	J. K. Rowling
\.


--
-- Data for Name: BookGenre; Type: TABLE DATA; Schema: public; Owner: pv179
--

COPY public."BookGenre" ("BooksId", "GenresId") FROM stdin;
1	1
3	3
3	8
3	13
4	3
5	4
5	13
7	6
7	7
8	7
9	8
11	10
12	11
13	12
14	12
15	12
16	13
18	14
19	1
19	15
19	17
20	16
21	17
22	17
23	3
23	18
24	19
25	20
26	5
27	6
28	7
29	13
30	17
31	16
32	12
33	9
34	20
35	5
35	8
35	10
\.


--
-- Data for Name: BookOrders; Type: TABLE DATA; Schema: public; Owner: pv179
--

COPY public."BookOrders" ("OrderId", "BookId", "Count", "BuyUnitPrice") FROM stdin;
159	3	4	14.15
170	15	2	12.12
170	21	3	13.74
170	31	1	20.5
170	24	1	14.0
170	2	1	19.18
158	9	1	17.21
158	4	1	17.22
158	34	2	18.0
170	1	1	21.28
158	7	2	24.85
168	19	6	21.22
1	1	1	21.28
2	1	2	21.28
3	1	1	21.28
4	1	2	21.28
5	1	2	21.28
6	1	1	21.28
7	1	2	21.28
8	1	2	21.28
9	1	1	21.28
10	1	1	21.28
11	1	1	21.28
12	1	2	21.28
13	1	2	21.28
14	1	2	21.28
15	1	2	21.28
16	1	2	21.28
17	1	2	21.28
18	1	1	21.28
19	1	2	21.28
20	1	1	21.28
21	1	1	21.28
22	1	1	21.28
23	1	2	21.28
24	1	1	21.28
25	1	2	21.28
26	1	2	21.28
27	1	2	21.28
28	1	2	21.28
29	1	2	21.28
30	1	2	21.28
31	1	1	21.28
32	1	2	21.28
33	1	1	21.28
34	1	1	21.28
35	1	1	21.28
36	1	2	21.28
37	1	2	21.28
38	1	2	21.28
39	1	2	21.28
40	1	2	21.28
41	1	1	21.28
42	1	2	21.28
43	1	2	21.28
44	1	2	21.28
45	1	2	21.28
46	1	1	21.28
47	1	2	21.28
48	1	1	21.28
49	1	2	21.28
50	1	1	21.28
51	1	2	21.28
52	1	2	21.28
53	1	2	21.28
54	1	1	21.28
55	1	2	21.28
56	1	1	21.28
57	1	1	21.28
58	1	1	21.28
59	1	2	21.28
60	1	1	21.28
61	1	1	21.28
62	1	2	21.28
63	1	2	21.28
64	1	2	21.28
65	1	1	21.28
66	1	2	21.28
67	1	2	21.28
68	1	1	21.28
69	1	2	21.28
70	1	1	21.28
71	1	2	21.28
72	1	1	21.28
73	1	2	21.28
74	1	2	21.28
75	1	1	21.28
76	1	2	21.28
77	1	2	21.28
78	1	2	21.28
79	1	2	21.28
80	1	2	21.28
81	1	1	21.28
82	1	1	21.28
83	1	2	21.28
84	1	2	21.28
85	1	1	21.28
86	1	1	21.28
87	1	2	21.28
88	1	1	21.28
89	1	1	21.28
90	1	1	21.28
91	1	1	21.28
92	1	2	21.28
93	1	1	21.28
94	1	2	21.28
95	1	1	21.28
96	1	2	21.28
97	1	2	21.28
98	1	2	21.28
99	1	2	21.28
100	1	1	21.28
101	1	1	21.28
102	1	1	21.28
103	1	1	21.28
104	1	1	21.28
105	1	1	21.28
106	1	2	21.28
107	1	1	21.28
108	1	1	21.28
109	1	1	21.28
110	1	2	21.28
111	1	2	21.28
112	1	1	21.28
113	1	2	21.28
114	1	1	21.28
115	1	2	21.28
116	1	1	21.28
117	1	2	21.28
118	1	2	21.28
119	1	2	21.28
120	1	2	21.28
121	1	2	21.28
122	1	2	21.28
123	1	2	21.28
124	1	2	21.28
125	1	2	21.28
126	1	1	21.28
127	1	2	21.28
128	1	2	21.28
129	1	1	21.28
130	1	2	21.28
131	1	1	21.28
132	1	1	21.28
133	1	1	21.28
134	1	1	21.28
135	1	2	21.28
136	1	2	21.28
137	1	2	21.28
138	1	1	21.28
139	1	1	21.28
140	1	1	21.28
141	1	1	21.28
142	1	1	21.28
143	1	2	21.28
144	1	2	21.28
145	1	2	21.28
146	1	2	21.28
147	1	2	21.28
148	1	2	21.28
149	1	1	21.28
154	1	5	21.28
158	1	2	21.28
156	2	2	19.18
156	3	2	14.15
160	3	1	14.15
152	4	3	17.22
1	5	1	16.4
2	5	2	16.4
3	5	1	16.4
4	5	2	16.4
5	5	2	16.4
6	5	2	16.4
7	5	2	16.4
8	5	1	16.4
9	5	2	16.4
10	5	2	16.4
11	5	2	16.4
12	5	1	16.4
13	5	2	16.4
14	5	2	16.4
15	5	1	16.4
16	5	2	16.4
17	5	1	16.4
18	5	1	16.4
19	5	1	16.4
20	5	2	16.4
21	5	2	16.4
22	5	2	16.4
23	5	1	16.4
24	5	2	16.4
25	5	1	16.4
26	5	1	16.4
27	5	1	16.4
28	5	2	16.4
29	5	1	16.4
30	5	1	16.4
31	5	2	16.4
32	5	1	16.4
33	5	2	16.4
34	5	2	16.4
35	5	1	16.4
36	5	1	16.4
37	5	2	16.4
38	5	2	16.4
39	5	1	16.4
40	5	1	16.4
41	5	2	16.4
42	5	1	16.4
43	5	1	16.4
44	5	2	16.4
45	5	2	16.4
46	5	2	16.4
47	5	2	16.4
48	5	1	16.4
49	5	2	16.4
50	5	2	16.4
51	5	1	16.4
52	5	2	16.4
53	5	2	16.4
54	5	1	16.4
55	5	2	16.4
56	5	2	16.4
57	5	2	16.4
58	5	2	16.4
59	5	1	16.4
60	5	2	16.4
61	5	1	16.4
62	5	2	16.4
63	5	1	16.4
64	5	1	16.4
65	5	1	16.4
66	5	1	16.4
67	5	2	16.4
68	5	1	16.4
69	5	2	16.4
70	5	1	16.4
71	5	2	16.4
72	5	1	16.4
73	5	1	16.4
74	5	2	16.4
75	5	2	16.4
76	5	1	16.4
77	5	1	16.4
78	5	1	16.4
79	5	2	16.4
80	5	2	16.4
81	5	2	16.4
82	5	1	16.4
83	5	2	16.4
84	5	2	16.4
85	5	2	16.4
86	5	1	16.4
87	5	2	16.4
88	5	1	16.4
89	5	1	16.4
90	5	2	16.4
91	5	1	16.4
92	5	2	16.4
93	5	1	16.4
94	5	1	16.4
95	5	1	16.4
96	5	1	16.4
97	5	1	16.4
98	5	2	16.4
99	5	2	16.4
100	5	1	16.4
101	5	2	16.4
102	5	2	16.4
103	5	2	16.4
104	5	2	16.4
105	5	1	16.4
106	5	1	16.4
107	5	2	16.4
108	5	1	16.4
109	5	1	16.4
110	5	1	16.4
111	5	1	16.4
112	5	1	16.4
113	5	2	16.4
114	5	2	16.4
115	5	1	16.4
116	5	2	16.4
117	5	2	16.4
118	5	2	16.4
119	5	1	16.4
120	5	2	16.4
121	5	1	16.4
122	5	2	16.4
123	5	1	16.4
124	5	2	16.4
125	5	1	16.4
126	5	2	16.4
127	5	2	16.4
128	5	1	16.4
129	5	1	16.4
130	5	2	16.4
131	5	1	16.4
132	5	1	16.4
133	5	1	16.4
134	5	1	16.4
135	5	2	16.4
136	5	1	16.4
137	5	1	16.4
138	5	2	16.4
139	5	2	16.4
140	5	1	16.4
141	5	2	16.4
142	5	1	16.4
143	5	2	16.4
144	5	1	16.4
145	5	2	16.4
146	5	1	16.4
147	5	1	16.4
148	5	1	16.4
149	5	2	16.4
157	5	3	16.4
161	8	1	14.15
152	11	2	6.78
155	11	1	6.78
159	11	4	6.78
156	13	3	13.23
159	13	1	13.23
3	15	1	12.12
4	15	2	12.12
5	15	2	12.12
8	15	2	12.12
27	15	2	12.12
28	15	2	12.12
34	15	1	12.12
38	15	1	12.12
40	15	1	12.12
42	15	1	12.12
46	15	1	12.12
48	15	2	12.12
52	15	2	12.12
53	15	1	12.12
57	15	1	12.12
58	15	1	12.12
59	15	1	12.12
64	15	1	12.12
65	15	1	12.12
68	15	1	12.12
69	15	2	12.12
71	15	1	12.12
74	15	2	12.12
76	15	1	12.12
81	15	1	12.12
85	15	1	12.12
86	15	1	12.12
88	15	2	12.12
91	15	1	12.12
94	15	2	12.12
96	15	1	12.12
98	15	2	12.12
99	15	1	12.12
102	15	1	12.12
103	15	2	12.12
107	15	2	12.12
108	15	1	12.12
116	15	1	12.12
119	15	1	12.12
121	15	2	12.12
126	15	2	12.12
136	15	1	12.12
139	15	2	12.12
142	15	1	12.12
145	15	2	12.12
148	15	1	12.12
3	20	2	11.26
27	20	2	11.26
28	20	1	11.26
52	20	2	11.26
53	20	1	11.26
58	20	2	11.26
69	20	1	11.26
81	20	1	11.26
88	20	1	11.26
96	20	1	11.26
98	20	1	11.26
99	20	1	11.26
103	20	1	11.26
107	20	1	11.26
126	20	2	11.26
148	20	2	11.26
156	22	1	14.96
156	23	4	14.86
160	27	1	10.27
153	29	2	20.26
153	30	1	19.38
159	31	2	20.5
\.


--
-- Data for Name: BookUser; Type: TABLE DATA; Schema: public; Owner: pv179
--

COPY public."BookUser" ("BooksId", "UsersId") FROM stdin;
2	2
3	3
3	8
3	13
4	3
5	4
5	13
7	6
7	7
8	7
9	8
11	10
12	9
12	11
13	12
14	12
15	12
16	13
18	14
19	1
19	12
19	15
20	2
20	8
21	9
22	10
23	3
23	11
24	2
25	1
26	5
27	6
28	7
29	13
30	15
31	7
32	12
33	9
34	14
35	3
35	5
35	8
4	1
1	16
23	1
16	2
9	1
8	17
1	17
23	18
12	18
\.


--
-- Data for Name: Books; Type: TABLE DATA; Schema: public; Owner: pv179
--

COPY public."Books" ("Id", "Name", "PublisherId", "PrimaryGenreId", "StockInStorage", "Price", "OverallRating") FROM stdin;
31	Romeo and Juliet	6	10	4	20.5	45
24	Fahrenheit 451	4	9	21	14.0	62
2	1984	3	8	30	19.18	98
19	The Alchemist	10	8	41	21.22	15
18	The Hitchhiker's Guide to the Galaxy	8	14	47	15.34	50
20	War and Peace	2	6	44	11.26	0
25	Lord of the Flies	8	19	46	6.27	0
11	The Lord of the Rings: The Fellowship of the Ring	9	10	10	6.78	54
22	The Catch-22	14	8	19	14.96	87
26	Moby-Dick	6	12	32	10.21	69
13	Harry Potter and the Philosopher's Stone	2	3	28	13.23	20
28	Alice's Adventures in Wonderland	13	8	36	22.74	39
27	Frankenstein	3	3	9	10.27	37
29	Dracula	7	6	7	20.26	76
30	The Odyssey	13	4	32	19.38	67
33	Macbeth	6	14	2	22.58	70
8	The Hobbit	7	10	32	14.15	59
3	James Bond	1	3	40	14.15	30
14	The Hunger Games	4	10	48	9.28	56
35	The Divine Comedy	7	19	45	23.71	0
16	A Game of Thrones	14	16	41	11.42	103
9	Love and Basketball	2	10	17	17.21	50
4	The Great Gatsby	13	12	38	17.22	0
34	Othello	2	5	0	18.0	57
15	The Da Vinci Code	8	18	25	12.12	21
7	Brave New World	5	7	45	24.85	60
23	The Grapes of Wrath	1	19	0	14.86	66
21	Crime and Punishment	5	11	46	13.74	58
12	The Chronicles of Narnia: The Lion, the Witch and the Wardrobe	8	13	4	11.88	1
32	Hamlet	10	12	1	14.01	69
5	One Hundred Years of Solitude	12	16	34	16.4	34
1	To Kill a Mockingbird	1	16	18	21.28	59
\.


--
-- Data for Name: Genres; Type: TABLE DATA; Schema: public; Owner: pv179
--

COPY public."Genres" ("Id", "Name") FROM stdin;
1	Dystopian
3	Science Fiction
4	Romance
5	Fantasy
6	Thriller
7	Historical Fiction
8	Horror
9	Adventure
10	Biography
11	Non-fiction
12	Children's
13	Young Adult
14	Humor
15	Crime
16	Historical Romance
17	Western
18	Science Fantasy
19	Self-help
20	Cookbook
\.


--
-- Data for Name: Orders; Type: TABLE DATA; Schema: public; Owner: pv179
--

COPY public."Orders" ("Id", "UserId", "TotalPrice", "Date", "OrderStatus") FROM stdin;
160	17	24.42	2024-01-13 20:21:22.00478	1
161	17	14.15	2024-01-13 20:22:15.640112	1
153	14	59.90	2024-01-07 22:22:12.851276	0
157	3	67.83	2024-01-08 20:21:07.379071	0
101	11	80.24	2024-01-07 18:50:56.049937	2
102	11	92.36	2024-01-07 18:50:56.049937	1
103	11	115.74	2024-01-07 18:50:56.049938	4
104	11	67.16	2024-01-07 18:50:56.049938	1
105	11	50.76	2024-01-07 18:50:56.049938	4
106	11	72.04	2024-01-07 18:50:56.049938	2
107	11	115.74	2024-01-07 18:50:56.049938	3
108	11	62.88	2024-01-07 18:50:56.049938	2
109	11	63.84	2024-01-07 18:50:56.049944	1
110	12	58.96	2024-01-07 18:50:56.049944	3
111	12	72.04	2024-01-07 18:50:56.049944	3
112	12	50.76	2024-01-07 18:50:56.049944	1
158	2	181.32	2024-01-08 20:22:15.232449	0
113	12	88.44	2024-01-07 18:50:56.049944	4
114	12	80.24	2024-01-07 18:50:56.049945	2
115	12	58.96	2024-01-07 18:50:56.049945	4
116	12	79.28	2024-01-07 18:50:56.049945	2
117	12	101.52	2024-01-07 18:50:56.049945	1
118	12	88.44	2024-01-07 18:50:56.049945	3
119	12	97.24	2024-01-07 18:50:56.049945	4
120	13	101.52	2024-01-07 18:50:56.049946	4
121	13	109.36	2024-01-07 18:50:56.049946	1
122	13	101.52	2024-01-07 18:50:56.049946	2
123	13	58.96	2024-01-07 18:50:56.049946	1
124	13	88.44	2024-01-07 18:50:56.049946	4
125	13	72.04	2024-01-07 18:50:56.049947	3
126	13	113.92	2024-01-07 18:50:56.049947	2
127	13	88.44	2024-01-07 18:50:56.049947	3
128	13	85.12	2024-01-07 18:50:56.049947	1
129	13	50.76	2024-01-07 18:50:56.049947	3
130	14	88.44	2024-01-07 18:50:56.049948	2
131	14	63.84	2024-01-07 18:50:56.049948	4
132	14	37.68	2024-01-07 18:50:56.049948	2
133	14	37.68	2024-01-07 18:50:56.049948	2
134	14	37.68	2024-01-07 18:50:56.049948	2
135	14	88.44	2024-01-07 18:50:56.049948	2
136	14	84.16	2024-01-07 18:50:56.049949	1
137	14	58.96	2024-01-07 18:50:56.049949	3
138	14	67.16	2024-01-07 18:50:56.049949	3
139	14	104.48	2024-01-07 18:50:56.049949	4
140	15	63.84	2024-01-07 18:50:56.049949	2
141	15	54.08	2024-01-07 18:50:56.04995	3
142	15	75.96	2024-01-07 18:50:56.04995	4
143	15	88.44	2024-01-07 18:50:56.04995	3
144	15	58.96	2024-01-07 18:50:56.04995	1
145	15	112.68	2024-01-07 18:50:56.04995	4
146	15	58.96	2024-01-07 18:50:56.04995	4
147	15	85.12	2024-01-07 18:50:56.049951	1
148	15	119.76	2024-01-07 18:50:56.049951	3
149	15	80.24	2024-01-07 18:50:56.049951	4
152	1	65.22	2024-01-07 18:52:29.525848	1
156	1	193.83	2024-01-08 17:45:10.606364	1
168	1	127.32	2024-01-15 22:52:53.161609	1
154	16	106.40	2024-01-07 23:10:32.768024	1
155	16	6.78	2024-01-07 23:10:59.631508	1
1	1	37.68	2024-01-07 18:50:56.049882	3
2	1	88.44	2024-01-07 18:50:56.049895	1
3	1	98.48	2024-01-07 18:50:56.049896	1
4	1	112.68	2024-01-07 18:50:56.049896	3
159	1	137.95	2024-01-08 21:47:48.631411	1
5	1	125.76	2024-01-07 18:50:56.049897	2
170	1	140.42	2024-01-15 23:43:54.881097	0
6	1	67.16	2024-01-07 18:50:56.049897	1
7	1	88.44	2024-01-07 18:50:56.049898	4
8	1	109.36	2024-01-07 18:50:56.049898	1
9	1	54.08	2024-01-07 18:50:56.049898	3
10	2	54.08	2024-01-07 18:50:56.049902	2
11	2	80.24	2024-01-07 18:50:56.049902	2
12	2	58.96	2024-01-07 18:50:56.049902	2
13	2	101.52	2024-01-07 18:50:56.049902	1
14	2	88.44	2024-01-07 18:50:56.049903	4
15	2	58.96	2024-01-07 18:50:56.049903	1
16	2	88.44	2024-01-07 18:50:56.049905	4
17	2	58.96	2024-01-07 18:50:56.049905	2
18	2	63.84	2024-01-07 18:50:56.049905	3
19	2	85.12	2024-01-07 18:50:56.049906	4
20	3	80.24	2024-01-07 18:50:56.049906	3
21	3	54.08	2024-01-07 18:50:56.049906	4
22	3	80.24	2024-01-07 18:50:56.049906	2
23	3	85.12	2024-01-07 18:50:56.049906	3
24	3	54.08	2024-01-07 18:50:56.049907	3
25	3	58.96	2024-01-07 18:50:56.049907	3
26	3	85.12	2024-01-07 18:50:56.049907	3
27	3	118.80	2024-01-07 18:50:56.049907	1
28	3	137.02	2024-01-07 18:50:56.049907	1
29	3	58.96	2024-01-07 18:50:56.049908	1
30	4	58.96	2024-01-07 18:50:56.049909	1
31	4	54.08	2024-01-07 18:50:56.049915	3
32	4	72.04	2024-01-07 18:50:56.049915	4
33	4	80.24	2024-01-07 18:50:56.049915	3
34	4	92.36	2024-01-07 18:50:56.049916	2
35	4	50.76	2024-01-07 18:50:56.049916	2
36	4	72.04	2024-01-07 18:50:56.049916	2
37	4	75.36	2024-01-07 18:50:56.049916	4
38	4	113.64	2024-01-07 18:50:56.049916	2
39	4	72.04	2024-01-07 18:50:56.049917	3
40	5	84.16	2024-01-07 18:50:56.049917	4
41	5	54.08	2024-01-07 18:50:56.049917	2
42	5	97.24	2024-01-07 18:50:56.049917	2
43	5	58.96	2024-01-07 18:50:56.049917	2
44	5	101.52	2024-01-07 18:50:56.049917	2
45	5	88.44	2024-01-07 18:50:56.049918	3
46	5	92.36	2024-01-07 18:50:56.049918	4
47	5	75.36	2024-01-07 18:50:56.049918	3
48	5	88.08	2024-01-07 18:50:56.049918	3
49	5	88.44	2024-01-07 18:50:56.049918	1
50	6	80.24	2024-01-07 18:50:56.049919	3
51	6	85.12	2024-01-07 18:50:56.049919	4
52	6	135.20	2024-01-07 18:50:56.049919	4
53	6	111.82	2024-01-07 18:50:56.049919	1
54	6	50.76	2024-01-07 18:50:56.049919	1
55	6	75.36	2024-01-07 18:50:56.04992	1
56	6	67.16	2024-01-07 18:50:56.04992	4
57	6	92.36	2024-01-07 18:50:56.04992	3
58	6	114.88	2024-01-07 18:50:56.04992	4
59	6	84.16	2024-01-07 18:50:56.04992	4
60	7	80.24	2024-01-07 18:50:56.049929	4
61	7	63.84	2024-01-07 18:50:56.04993	4
62	7	75.36	2024-01-07 18:50:56.04993	1
63	7	58.96	2024-01-07 18:50:56.04993	3
64	7	97.24	2024-01-07 18:50:56.04993	3
65	7	62.88	2024-01-07 18:50:56.04993	2
66	7	85.12	2024-01-07 18:50:56.049931	2
67	7	88.44	2024-01-07 18:50:56.049931	2
68	7	75.96	2024-01-07 18:50:56.049931	1
69	7	123.94	2024-01-07 18:50:56.049931	3
70	8	63.84	2024-01-07 18:50:56.049931	1
71	8	100.56	2024-01-07 18:50:56.049932	4
72	8	50.76	2024-01-07 18:50:56.049932	2
73	8	58.96	2024-01-07 18:50:56.049932	1
74	8	112.68	2024-01-07 18:50:56.049932	4
75	8	67.16	2024-01-07 18:50:56.049932	1
76	8	84.16	2024-01-07 18:50:56.049933	2
77	8	85.12	2024-01-07 18:50:56.049933	2
78	8	58.96	2024-01-07 18:50:56.049933	4
79	8	75.36	2024-01-07 18:50:56.049933	3
80	9	101.52	2024-01-07 18:50:56.049933	1
81	9	103.62	2024-01-07 18:50:56.049933	4
82	9	50.76	2024-01-07 18:50:56.049934	4
83	9	75.36	2024-01-07 18:50:56.049934	4
84	9	101.52	2024-01-07 18:50:56.049934	4
85	9	92.36	2024-01-07 18:50:56.049934	1
86	9	75.96	2024-01-07 18:50:56.049934	3
87	9	75.36	2024-01-07 18:50:56.049935	1
88	9	86.26	2024-01-07 18:50:56.049935	1
89	9	37.68	2024-01-07 18:50:56.049935	2
90	10	54.08	2024-01-07 18:50:56.049935	4
91	10	75.96	2024-01-07 18:50:56.049935	4
92	10	88.44	2024-01-07 18:50:56.049935	4
93	10	50.76	2024-01-07 18:50:56.049936	2
94	10	96.28	2024-01-07 18:50:56.049936	4
95	10	37.68	2024-01-07 18:50:56.049936	2
96	10	108.50	2024-01-07 18:50:56.049936	1
97	10	58.96	2024-01-07 18:50:56.049936	4
98	10	123.94	2024-01-07 18:50:56.049937	2
99	10	124.90	2024-01-07 18:50:56.049937	4
100	11	50.76	2024-01-07 18:50:56.049937	1
\.


--
-- Data for Name: Publishers; Type: TABLE DATA; Schema: public; Owner: pv179
--

COPY public."Publishers" ("Id", "Name") FROM stdin;
2	Secker & Warburg
3	Reynal & Hitchcock
4	Penguin Books
5	Random House
6	HarperCollins
7	Simon & Schuster
8	Macmillan Publishers
9	Hachette Book Group
10	Scholastic Corporation
11	Oxford University Press
12	Cambridge University Press
13	Wiley
14	Elsevier
1	Bloomsbury
\.


--
-- Data for Name: Ratings; Type: TABLE DATA; Schema: public; Owner: pv179
--

COPY public."Ratings" ("Id", "UserId", "BookId", "Value", "Comment") FROM stdin;
1	9	5	40	Great book but it gave me an existential crisis bigger than I had before
2	8	15	21	Couldn't put it down, finished it in one sitting!
4	2	11	92	A classic that everyone should read
5	6	1	19	The characters are so well-developed, felt like they were real people
6	1	26	69	This book made me laugh and cry, a roller coaster of emotions
7	7	14	24	The writing style is beautiful, every sentence is a work of art
8	13	2	55	I couldn't guess the ending, kept me guessing until the last page
9	1	27	44	I wish there was a sequel, I'm not ready to say goodbye to these characters
10	8	21	38	The themes explored in this book are thought-provoking
11	12	5	21	The pacing is perfect, kept me engaged from start to finish
12	4	7	66	This book challenged my perspective on life
13	5	5	63	The world-building is exceptional, I felt like I was there
14	3	11	17	A must-read for book lovers
16	3	30	46	This book is a page-turner, couldn't stop reading
17	2	34	97	The dialogue between characters is witty and realistic
19	11	2	42	It left me with a book hangover, couldn't stop thinking about it
20	6	13	20	
21	5	19	15	Couldn't get into the story, found it boring from the start
23	14	32	78	The plot was predictable, I expected more twists
24	6	31	46	I didn't connect with the protagonist, lacked depth
25	11	28	41	The writing style was confusing and hard to follow
26	13	7	55	This book didn't live up to the hype, very disappointing
27	5	24	62	The ending felt rushed and unresolved
28	5	33	90	Too much exposition, not enough action
30	2	31	70	The author tried too hard to be profound, came off as pretentious
31	14	21	79	The pacing was off, some parts dragged on while others felt rushed
32	1	9	50	The world-building was weak and inconsistent
33	8	16	54	I couldn't sympathize with any of the characters
34	12	31	19	The themes explored were cliché and overdone
35	13	14	54	The book didn't live up to the reviews, a letdown
37	5	29	53	The book felt like a rip-off of [another popular book]
38	4	27	30	The author relied too heavily on stereotypes
40	14	5	24	The climax was anticlimactic, left me unsatisfied
41	12	32	99	Great book but it gave me an existential crisis bigger than I had before
42	11	8	30	Couldn't put it down, finished it in one sitting!
43	6	22	87	The plot twists in this book are mind-blowing
44	3	34	42	A classic that everyone should read
45	13	16	52	The characters are so well-developed, felt like they were real people
46	14	32	46	This book made me laugh and cry, a roller coaster of emotions
47	8	33	51	The writing style is beautiful, every sentence is a work of art
48	10	5	25	I couldn't guess the ending, kept me guessing until the last page
49	8	28	38	I wish there was a sequel, I'm not ready to say goodbye to these characters
50	14	31	46	The themes explored in this book are thought-provoking
54	14	30	89	super
55	14	29	99	\N
56	1	32	54	\N
57	1	34	32	bieda
58	1	23	32	Medium
72	1	3	20	Terrible
73	2	3	50	Trash
74	3	3	20	Pukeable
53	1	1	100	Inspiring
75	1	14	90	Why all the negativity here?
76	1	2	100	\N
77	2	16	100	\N
78	17	8	88	optional comment here
79	18	23	100	asdf
80	18	12	1	asdf
81	3	18	50	Great Book!
\.


--
-- Data for Name: __EFMigrationsHistory; Type: TABLE DATA; Schema: public; Owner: pv179
--

COPY public."__EFMigrationsHistory" ("MigrationId", "ProductVersion") FROM stdin;
20240107175056_Initial	7.0.13
\.


--
-- Name: AspNetRoleClaims_Id_seq; Type: SEQUENCE SET; Schema: public; Owner: pv179
--

SELECT pg_catalog.setval('public."AspNetRoleClaims_Id_seq"', 1, false);


--
-- Name: AspNetRoles_Id_seq; Type: SEQUENCE SET; Schema: public; Owner: pv179
--

SELECT pg_catalog.setval('public."AspNetRoles_Id_seq"', 3, false);


--
-- Name: AspNetUserClaims_Id_seq; Type: SEQUENCE SET; Schema: public; Owner: pv179
--

SELECT pg_catalog.setval('public."AspNetUserClaims_Id_seq"', 1, false);


--
-- Name: AspNetUsers_Id_seq; Type: SEQUENCE SET; Schema: public; Owner: pv179
--

SELECT pg_catalog.setval('public."AspNetUsers_Id_seq"', 50, true);


--
-- Name: Authors_Id_seq; Type: SEQUENCE SET; Schema: public; Owner: pv179
--

SELECT pg_catalog.setval('public."Authors_Id_seq"', 16, false);


--
-- Name: Books_Id_seq; Type: SEQUENCE SET; Schema: public; Owner: pv179
--

SELECT pg_catalog.setval('public."Books_Id_seq"', 37, false);


--
-- Name: Genres_Id_seq; Type: SEQUENCE SET; Schema: public; Owner: pv179
--

SELECT pg_catalog.setval('public."Genres_Id_seq"', 21, true);


--
-- Name: Orders_Id_seq; Type: SEQUENCE SET; Schema: public; Owner: pv179
--

SELECT pg_catalog.setval('public."Orders_Id_seq"', 202, true);


--
-- Name: Publishers_Id_seq; Type: SEQUENCE SET; Schema: public; Owner: pv179
--

SELECT pg_catalog.setval('public."Publishers_Id_seq"', 16, false);


--
-- Name: Ratings_Id_seq; Type: SEQUENCE SET; Schema: public; Owner: pv179
--

SELECT pg_catalog.setval('public."Ratings_Id_seq"', 113, true);


--
-- Name: AspNetRoleClaims PK_AspNetRoleClaims; Type: CONSTRAINT; Schema: public; Owner: pv179
--

ALTER TABLE ONLY public."AspNetRoleClaims"
    ADD CONSTRAINT "PK_AspNetRoleClaims" PRIMARY KEY ("Id");


--
-- Name: AspNetRoles PK_AspNetRoles; Type: CONSTRAINT; Schema: public; Owner: pv179
--

ALTER TABLE ONLY public."AspNetRoles"
    ADD CONSTRAINT "PK_AspNetRoles" PRIMARY KEY ("Id");


--
-- Name: AspNetUserClaims PK_AspNetUserClaims; Type: CONSTRAINT; Schema: public; Owner: pv179
--

ALTER TABLE ONLY public."AspNetUserClaims"
    ADD CONSTRAINT "PK_AspNetUserClaims" PRIMARY KEY ("Id");


--
-- Name: AspNetUserLogins PK_AspNetUserLogins; Type: CONSTRAINT; Schema: public; Owner: pv179
--

ALTER TABLE ONLY public."AspNetUserLogins"
    ADD CONSTRAINT "PK_AspNetUserLogins" PRIMARY KEY ("LoginProvider", "ProviderKey");


--
-- Name: AspNetUserRoles PK_AspNetUserRoles; Type: CONSTRAINT; Schema: public; Owner: pv179
--

ALTER TABLE ONLY public."AspNetUserRoles"
    ADD CONSTRAINT "PK_AspNetUserRoles" PRIMARY KEY ("UserId", "RoleId");


--
-- Name: AspNetUserTokens PK_AspNetUserTokens; Type: CONSTRAINT; Schema: public; Owner: pv179
--

ALTER TABLE ONLY public."AspNetUserTokens"
    ADD CONSTRAINT "PK_AspNetUserTokens" PRIMARY KEY ("UserId", "LoginProvider", "Name");


--
-- Name: AspNetUsers PK_AspNetUsers; Type: CONSTRAINT; Schema: public; Owner: pv179
--

ALTER TABLE ONLY public."AspNetUsers"
    ADD CONSTRAINT "PK_AspNetUsers" PRIMARY KEY ("Id");


--
-- Name: AuthorBook PK_AuthorBook; Type: CONSTRAINT; Schema: public; Owner: pv179
--

ALTER TABLE ONLY public."AuthorBook"
    ADD CONSTRAINT "PK_AuthorBook" PRIMARY KEY ("AuthorsId", "BooksId");


--
-- Name: Authors PK_Authors; Type: CONSTRAINT; Schema: public; Owner: pv179
--

ALTER TABLE ONLY public."Authors"
    ADD CONSTRAINT "PK_Authors" PRIMARY KEY ("Id");


--
-- Name: BookGenre PK_BookGenre; Type: CONSTRAINT; Schema: public; Owner: pv179
--

ALTER TABLE ONLY public."BookGenre"
    ADD CONSTRAINT "PK_BookGenre" PRIMARY KEY ("BooksId", "GenresId");


--
-- Name: BookOrders PK_BookOrders; Type: CONSTRAINT; Schema: public; Owner: pv179
--

ALTER TABLE ONLY public."BookOrders"
    ADD CONSTRAINT "PK_BookOrders" PRIMARY KEY ("BookId", "OrderId");


--
-- Name: BookUser PK_BookUser; Type: CONSTRAINT; Schema: public; Owner: pv179
--

ALTER TABLE ONLY public."BookUser"
    ADD CONSTRAINT "PK_BookUser" PRIMARY KEY ("BooksId", "UsersId");


--
-- Name: Books PK_Books; Type: CONSTRAINT; Schema: public; Owner: pv179
--

ALTER TABLE ONLY public."Books"
    ADD CONSTRAINT "PK_Books" PRIMARY KEY ("Id");


--
-- Name: Genres PK_Genres; Type: CONSTRAINT; Schema: public; Owner: pv179
--

ALTER TABLE ONLY public."Genres"
    ADD CONSTRAINT "PK_Genres" PRIMARY KEY ("Id");


--
-- Name: Orders PK_Orders; Type: CONSTRAINT; Schema: public; Owner: pv179
--

ALTER TABLE ONLY public."Orders"
    ADD CONSTRAINT "PK_Orders" PRIMARY KEY ("Id");


--
-- Name: Publishers PK_Publishers; Type: CONSTRAINT; Schema: public; Owner: pv179
--

ALTER TABLE ONLY public."Publishers"
    ADD CONSTRAINT "PK_Publishers" PRIMARY KEY ("Id");


--
-- Name: Ratings PK_Ratings; Type: CONSTRAINT; Schema: public; Owner: pv179
--

ALTER TABLE ONLY public."Ratings"
    ADD CONSTRAINT "PK_Ratings" PRIMARY KEY ("Id");


--
-- Name: __EFMigrationsHistory PK___EFMigrationsHistory; Type: CONSTRAINT; Schema: public; Owner: pv179
--

ALTER TABLE ONLY public."__EFMigrationsHistory"
    ADD CONSTRAINT "PK___EFMigrationsHistory" PRIMARY KEY ("MigrationId");


--
-- Name: EmailIndex; Type: INDEX; Schema: public; Owner: pv179
--

CREATE INDEX "EmailIndex" ON public."AspNetUsers" USING btree ("NormalizedEmail");


--
-- Name: IX_AspNetRoleClaims_RoleId; Type: INDEX; Schema: public; Owner: pv179
--

CREATE INDEX "IX_AspNetRoleClaims_RoleId" ON public."AspNetRoleClaims" USING btree ("RoleId");


--
-- Name: IX_AspNetUserClaims_UserId; Type: INDEX; Schema: public; Owner: pv179
--

CREATE INDEX "IX_AspNetUserClaims_UserId" ON public."AspNetUserClaims" USING btree ("UserId");


--
-- Name: IX_AspNetUserLogins_UserId; Type: INDEX; Schema: public; Owner: pv179
--

CREATE INDEX "IX_AspNetUserLogins_UserId" ON public."AspNetUserLogins" USING btree ("UserId");


--
-- Name: IX_AspNetUserRoles_RoleId; Type: INDEX; Schema: public; Owner: pv179
--

CREATE INDEX "IX_AspNetUserRoles_RoleId" ON public."AspNetUserRoles" USING btree ("RoleId");


--
-- Name: IX_AuthorBook_BooksId; Type: INDEX; Schema: public; Owner: pv179
--

CREATE INDEX "IX_AuthorBook_BooksId" ON public."AuthorBook" USING btree ("BooksId");


--
-- Name: IX_BookGenre_GenresId; Type: INDEX; Schema: public; Owner: pv179
--

CREATE INDEX "IX_BookGenre_GenresId" ON public."BookGenre" USING btree ("GenresId");


--
-- Name: IX_BookOrders_OrderId; Type: INDEX; Schema: public; Owner: pv179
--

CREATE INDEX "IX_BookOrders_OrderId" ON public."BookOrders" USING btree ("OrderId");


--
-- Name: IX_BookUser_UsersId; Type: INDEX; Schema: public; Owner: pv179
--

CREATE INDEX "IX_BookUser_UsersId" ON public."BookUser" USING btree ("UsersId");


--
-- Name: IX_Books_PrimaryGenreId; Type: INDEX; Schema: public; Owner: pv179
--

CREATE INDEX "IX_Books_PrimaryGenreId" ON public."Books" USING btree ("PrimaryGenreId");


--
-- Name: IX_Books_PublisherId; Type: INDEX; Schema: public; Owner: pv179
--

CREATE INDEX "IX_Books_PublisherId" ON public."Books" USING btree ("PublisherId");


--
-- Name: IX_Orders_UserId; Type: INDEX; Schema: public; Owner: pv179
--

CREATE INDEX "IX_Orders_UserId" ON public."Orders" USING btree ("UserId");


--
-- Name: IX_Ratings_BookId; Type: INDEX; Schema: public; Owner: pv179
--

CREATE INDEX "IX_Ratings_BookId" ON public."Ratings" USING btree ("BookId");


--
-- Name: IX_Ratings_UserId; Type: INDEX; Schema: public; Owner: pv179
--

CREATE INDEX "IX_Ratings_UserId" ON public."Ratings" USING btree ("UserId");


--
-- Name: RoleNameIndex; Type: INDEX; Schema: public; Owner: pv179
--

CREATE UNIQUE INDEX "RoleNameIndex" ON public."AspNetRoles" USING btree ("NormalizedName");


--
-- Name: UserNameIndex; Type: INDEX; Schema: public; Owner: pv179
--

CREATE UNIQUE INDEX "UserNameIndex" ON public."AspNetUsers" USING btree ("NormalizedUserName");


--
-- Name: AspNetRoleClaims FK_AspNetRoleClaims_AspNetRoles_RoleId; Type: FK CONSTRAINT; Schema: public; Owner: pv179
--

ALTER TABLE ONLY public."AspNetRoleClaims"
    ADD CONSTRAINT "FK_AspNetRoleClaims_AspNetRoles_RoleId" FOREIGN KEY ("RoleId") REFERENCES public."AspNetRoles"("Id") ON DELETE CASCADE;


--
-- Name: AspNetUserClaims FK_AspNetUserClaims_AspNetUsers_UserId; Type: FK CONSTRAINT; Schema: public; Owner: pv179
--

ALTER TABLE ONLY public."AspNetUserClaims"
    ADD CONSTRAINT "FK_AspNetUserClaims_AspNetUsers_UserId" FOREIGN KEY ("UserId") REFERENCES public."AspNetUsers"("Id") ON DELETE CASCADE;


--
-- Name: AspNetUserLogins FK_AspNetUserLogins_AspNetUsers_UserId; Type: FK CONSTRAINT; Schema: public; Owner: pv179
--

ALTER TABLE ONLY public."AspNetUserLogins"
    ADD CONSTRAINT "FK_AspNetUserLogins_AspNetUsers_UserId" FOREIGN KEY ("UserId") REFERENCES public."AspNetUsers"("Id") ON DELETE CASCADE;


--
-- Name: AspNetUserRoles FK_AspNetUserRoles_AspNetRoles_RoleId; Type: FK CONSTRAINT; Schema: public; Owner: pv179
--

ALTER TABLE ONLY public."AspNetUserRoles"
    ADD CONSTRAINT "FK_AspNetUserRoles_AspNetRoles_RoleId" FOREIGN KEY ("RoleId") REFERENCES public."AspNetRoles"("Id") ON DELETE CASCADE;


--
-- Name: AspNetUserRoles FK_AspNetUserRoles_AspNetUsers_UserId; Type: FK CONSTRAINT; Schema: public; Owner: pv179
--

ALTER TABLE ONLY public."AspNetUserRoles"
    ADD CONSTRAINT "FK_AspNetUserRoles_AspNetUsers_UserId" FOREIGN KEY ("UserId") REFERENCES public."AspNetUsers"("Id") ON DELETE CASCADE;


--
-- Name: AspNetUserTokens FK_AspNetUserTokens_AspNetUsers_UserId; Type: FK CONSTRAINT; Schema: public; Owner: pv179
--

ALTER TABLE ONLY public."AspNetUserTokens"
    ADD CONSTRAINT "FK_AspNetUserTokens_AspNetUsers_UserId" FOREIGN KEY ("UserId") REFERENCES public."AspNetUsers"("Id") ON DELETE CASCADE;


--
-- Name: AuthorBook FK_AuthorBook_Authors_AuthorsId; Type: FK CONSTRAINT; Schema: public; Owner: pv179
--

ALTER TABLE ONLY public."AuthorBook"
    ADD CONSTRAINT "FK_AuthorBook_Authors_AuthorsId" FOREIGN KEY ("AuthorsId") REFERENCES public."Authors"("Id") ON DELETE CASCADE;


--
-- Name: AuthorBook FK_AuthorBook_Books_BooksId; Type: FK CONSTRAINT; Schema: public; Owner: pv179
--

ALTER TABLE ONLY public."AuthorBook"
    ADD CONSTRAINT "FK_AuthorBook_Books_BooksId" FOREIGN KEY ("BooksId") REFERENCES public."Books"("Id") ON DELETE CASCADE;


--
-- Name: BookGenre FK_BookGenre_Books_BooksId; Type: FK CONSTRAINT; Schema: public; Owner: pv179
--

ALTER TABLE ONLY public."BookGenre"
    ADD CONSTRAINT "FK_BookGenre_Books_BooksId" FOREIGN KEY ("BooksId") REFERENCES public."Books"("Id") ON DELETE CASCADE;


--
-- Name: BookGenre FK_BookGenre_Genres_GenresId; Type: FK CONSTRAINT; Schema: public; Owner: pv179
--

ALTER TABLE ONLY public."BookGenre"
    ADD CONSTRAINT "FK_BookGenre_Genres_GenresId" FOREIGN KEY ("GenresId") REFERENCES public."Genres"("Id") ON DELETE CASCADE;


--
-- Name: BookOrders FK_BookOrders_Books_BookId; Type: FK CONSTRAINT; Schema: public; Owner: pv179
--

ALTER TABLE ONLY public."BookOrders"
    ADD CONSTRAINT "FK_BookOrders_Books_BookId" FOREIGN KEY ("BookId") REFERENCES public."Books"("Id") ON DELETE CASCADE;


--
-- Name: BookOrders FK_BookOrders_Orders_OrderId; Type: FK CONSTRAINT; Schema: public; Owner: pv179
--

ALTER TABLE ONLY public."BookOrders"
    ADD CONSTRAINT "FK_BookOrders_Orders_OrderId" FOREIGN KEY ("OrderId") REFERENCES public."Orders"("Id") ON DELETE CASCADE;


--
-- Name: BookUser FK_BookUser_AspNetUsers_UsersId; Type: FK CONSTRAINT; Schema: public; Owner: pv179
--

ALTER TABLE ONLY public."BookUser"
    ADD CONSTRAINT "FK_BookUser_AspNetUsers_UsersId" FOREIGN KEY ("UsersId") REFERENCES public."AspNetUsers"("Id") ON DELETE CASCADE;


--
-- Name: BookUser FK_BookUser_Books_BooksId; Type: FK CONSTRAINT; Schema: public; Owner: pv179
--

ALTER TABLE ONLY public."BookUser"
    ADD CONSTRAINT "FK_BookUser_Books_BooksId" FOREIGN KEY ("BooksId") REFERENCES public."Books"("Id") ON DELETE CASCADE;


--
-- Name: Books FK_Books_Genres_PrimaryGenreId; Type: FK CONSTRAINT; Schema: public; Owner: pv179
--

ALTER TABLE ONLY public."Books"
    ADD CONSTRAINT "FK_Books_Genres_PrimaryGenreId" FOREIGN KEY ("PrimaryGenreId") REFERENCES public."Genres"("Id") ON DELETE CASCADE;


--
-- Name: Books FK_Books_Publishers_PublisherId; Type: FK CONSTRAINT; Schema: public; Owner: pv179
--

ALTER TABLE ONLY public."Books"
    ADD CONSTRAINT "FK_Books_Publishers_PublisherId" FOREIGN KEY ("PublisherId") REFERENCES public."Publishers"("Id") ON DELETE CASCADE;


--
-- Name: Orders FK_Orders_AspNetUsers_UserId; Type: FK CONSTRAINT; Schema: public; Owner: pv179
--

ALTER TABLE ONLY public."Orders"
    ADD CONSTRAINT "FK_Orders_AspNetUsers_UserId" FOREIGN KEY ("UserId") REFERENCES public."AspNetUsers"("Id") ON DELETE CASCADE;


--
-- Name: Ratings FK_Ratings_AspNetUsers_UserId; Type: FK CONSTRAINT; Schema: public; Owner: pv179
--

ALTER TABLE ONLY public."Ratings"
    ADD CONSTRAINT "FK_Ratings_AspNetUsers_UserId" FOREIGN KEY ("UserId") REFERENCES public."AspNetUsers"("Id") ON DELETE CASCADE;


--
-- Name: Ratings FK_Ratings_Books_BookId; Type: FK CONSTRAINT; Schema: public; Owner: pv179
--

ALTER TABLE ONLY public."Ratings"
    ADD CONSTRAINT "FK_Ratings_Books_BookId" FOREIGN KEY ("BookId") REFERENCES public."Books"("Id") ON DELETE CASCADE;


--
-- PostgreSQL database dump complete
--

